{
  "model": "XGBoost RUL Regressor",
  "dataset": "..\\data\\processed\\features_ml_final.csv",
  "n_samples": 228,
  "n_features": 52,
  "train_size": 182,
  "test_size": 46,
  "baseline": {
    "MAE": 0.2194,
    "RMSE": 0.377,
    "R2": 0.9996,
    "MAPE": 6.48
  },
  "optimized": {
    "MAE": 0.2249,
    "RMSE": 0.3834,
    "R2": 0.9996,
    "MAPE": 41.3,
    "optuna_trials": 60,
    "best_params": {
      "n_estimators": 783,
      "max_depth": 3,
      "learning_rate": 0.045854368517185294,
      "subsample": 0.8831604636540767,
      "colsample_bytree": 0.9438763409869122,
      "min_child_weight": 3,
      "gamma": 0.19239019311672062,
      "reg_alpha": 2.383629043142624e-05,
      "reg_lambda": 0.000511987150782416
    }
  }
}